"post_id","user_id","name","school","major","category_id","post_time","content","comments"
1,1,哲学爱好者,北京大学,哲学,1,"2025-07-11 13:39:31",作为一名哲学专业的学生，我想分享一下我的学习体验。哲学专业需要大量阅读经典著作，培养深度思考能力。就业方向包括教育、出版、文化机构等，但需要有心理准备的是，纯哲学就业可能面临一些挑战。,
2,2,思考者,复旦大学,哲学,1,"2025-07-11 13:39:31",选择哲学专业需要有较强的阅读理解能力和逻辑思维能力。课程中会学习中西方哲学史、伦理学、美学等。这个专业培养的是思维方式，而不仅仅是知识。,
3,3,经济分析师,中国人民大学,经济学,2,"2025-07-11 13:39:31",经济学专业的数学要求较高，特别是计量经济学部分。就业方向广泛，包括金融机构、咨询公司、政府部门等。建议在校期间多参加实习，积累实践经验。,
4,4,金融学子,上海财经大学,金融学,2,"2025-07-11 13:39:31",金融学是经济学的热门分支，就业前景不错。课程设置包括货币银行学、国际金融、投资学等。建议考取CFA、FRM等证书，提升竞争力。,
5,5,投资爱好者,武汉大学,金融工程,2,"2025-07-11 13:39:31",金融工程专业数学要求高，编程能力也很重要。Python、R等编程语言是必备技能。就业主要面向投行、基金、券商等金融机构的量化岗位。,
6,6,法律人,中国政法大学,法学,3,"2025-07-11 13:39:31",法学专业需要背诵大量法条，理解各种法律概念和原则。司法考试（现在的法考）通过率不高，需要认真准备。就业方向包括律师、法官、检察官、企业法务等。,
7,7,律政新人,西南政法大学,法学,3,"2025-07-11 13:39:31",法学专业的同学要培养严谨的逻辑思维和语言表达能力。在校期间可以参加模拟法庭等活动，积累实践经验。,
8,8,未来教师,北京师范大学,教育学,4,"2025-07-11 13:39:32",教育学专业的课程包括教育心理学、教育社会学、课程与教学论等。就业方向主要是各级学校、教育机构、教育行政部门等。,
9,9,教育工作者,华东师范大学,学前教育,4,"2025-07-11 13:39:32",学前教育专业的就业前景不错，幼儿园教师需求量大。课程设置包括幼儿心理学、幼儿教育学、幼儿园课程等。建议提前考取教师资格证。,
10,10,文学青年,南京大学,中国语言文学,5,"2025-07-11 13:39:32",中文专业需要大量阅读文学作品，写作能力很重要。就业方向包括教师、编辑、文案、公务员等。建议在校期间多写作，积累作品。,
11,11,传媒学子,中国传媒大学,新闻学,5,"2025-07-11 13:39:32",新闻专业要求有较强的写作能力和沟通能力。就业方向包括各类媒体机构、企业宣传部门等。在校期间多参与实践活动，如校报、电台等。,
12,12,外语爱好者,北京外国语大学,英语,5,"2025-07-11 13:39:32",英语专业除了语言能力，还需要了解英美文化、文学等。就业方向包括外贸、翻译、外企等。建议考取专业英语证书，如专八、翻译资格证等。,
13,13,历史研究者,北京大学,历史学,6,"2025-07-11 13:39:32",历史学专业需要记忆大量史实，同时培养史料分析能力。就业方向包括教师、博物馆、出版社等。也可以考虑公务员、考古等方向。,
14,14,文博工作者,陕西师范大学,文物与博物馆学,6,"2025-07-11 13:39:32",文物与博物馆学是历史学的应用型专业，就业主要面向博物馆、文物保护单位等。课程设置包括考古学、文物保护技术等。,
15,15,数学爱好者,北京大学,数学,7,"2025-07-11 13:39:32",数学专业难度较大，需要有扎实的数学基础和抽象思维能力。就业方向包括教育、金融（量化）、IT（算法）等领域。,
16,16,物理学子,中国科学技术大学,物理学,7,"2025-07-11 13:39:32",物理学专业需要较强的数学能力和实验能力。就业方向包括科研机构、高校、高科技企业等。也可以考虑转行到IT、金融等领域。,
17,17,化学研究者,南开大学,化学,7,"2025-07-11 13:39:32",化学专业实验课较多，需要有耐心和细心。就业方向包括化工企业、医药企业、科研机构等。建议在校期间多参与实验室项目，积累实践经验。,
18,18,计算机达人,清华大学,计算机科学与技术,8,"2025-07-11 13:39:32",计算机专业就业前景好，但竞争也激烈。课程设置包括数据结构、算法、操作系统、计算机网络等。建议在校期间多做项目，参与开源社区，提前为就业做准备。,
19,6,软件工程师,浙江大学,软件工程,8,"2025-07-11 13:39:32",软件工程专业注重实践能力，项目经验很重要。编程语言、数据库、软件测试等都是必备技能。就业方向主要是各类IT企业的开发岗位。,
20,20,电子工程师,哈尔滨工业大学,电子信息工程,8,"2025-07-11 13:39:32",电子信息工程专业课程设置包括电路分析、信号与系统、数字电路等。就业方向包括通信、电子、IT等行业。硬件和软件知识都需要掌握。,
21,21,农业科技工作者,中国农业大学,农学,9,"2025-07-11 13:39:32",农学专业实践课较多，需要参与田间实习。就业方向包括农业企业、科研机构、政府农业部门等。随着农业现代化发展，就业前景逐渐向好。,
22,22,园艺爱好者,南京农业大学,园艺,9,"2025-07-11 13:39:32",园艺专业学习植物栽培、育种、保护等知识。就业方向包括花卉企业、园林设计公司、农业技术推广站等。,
23,23,医学生,北京协和医学院,临床医学,10,"2025-07-11 13:39:32",临床医学专业学制长，课程难度大，需要有足够的心理准备。就业方向主要是各级医院。建议尽早确定自己感兴趣的专科方向。,
24,24,药学研究者,中国药科大学,药学,10,"2025-07-11 13:39:32",药学专业课程设置包括药物化学、药理学、药剂学等。就业方向包括制药企业、药店、医院药剂科等。,
25,25,公共卫生工作者,复旦大学,预防医学,10,"2025-07-11 13:39:32",预防医学专业学习疾病预防和健康促进的知识。就业方向包括疾控中心、卫生监督所、医院预防保健科等。,
26,26,管理咨询顾问,清华大学,工商管理,11,"2025-07-11 13:39:32",工商管理专业课程设置包括管理学、市场营销、财务管理等。就业方向广泛，几乎所有企业都需要管理类人才。,
27,27,人力资源专员,中国人民大学,人力资源管理,11,"2025-07-11 13:39:32",人力资源管理专业学习招聘、培训、绩效管理等知识。就业方向主要是各类企业的HR部门。建议考取人力资源管理师证书。,
28,28,会计师,上海财经大学,会计学,11,"2025-07-11 13:39:32",会计学专业要求细心、耐心，数字敏感度高。就业方向包括会计师事务所、企业财务部门等。建议考取注册会计师（CPA）证书。,
29,29,设计师,中央美术学院,视觉传达设计,12,"2025-07-11 13:39:32",设计类专业需要有一定的艺术基础和创意能力。就业方向包括设计公司、广告公司、企业设计部门等。作品集很重要，要不断积累优秀作品。,
30,30,音乐教师,中央音乐学院,音乐表演,12,"2025-07-11 13:39:32",音乐表演专业需要从小培养，专业基础要求高。就业方向包括乐团、音乐教育机构等。也可以考虑自由音乐人的发展道路。,
31,31,影视工作者,北京电影学院,导演,12,"2025-07-11 13:39:32",电影相关专业竞争激烈，需要有较强的专业能力和人脉资源。在校期间多参与实践项目，积累作品和经验非常重要。,""
32,32,军事爱好者,国防大学,军事指挥,13,"2025-07-11 13:39:34",军事类专业一般在军校就读，有严格的体能和政治要求。就业方向主要是部队和武警部队。专业素养和组织纪律性都很重要。,
33,33,国防工作者,陆军工程大学,军事工程,13,"2025-07-11 13:39:34",军事工程专业结合了工程技术和军事需求，培养国防建设人才。毕业后主要在军队技术部门或国防科技企业就职。,"[{""user_id"":34,""name"":""陆离"",""content"":""你好"",""time"":""2025-07-11T07:26:19.011Z""}]"
34,34,陆离,华东师范大学,数据科学与大数据技术,8,"2025-07-11 15:21:47",数据科学与大数据技术,"[{""user_id"":1,""name"":""哲学爱好者"",""content"":""你好"",""time"":""2025-07-11T07:25:57.358Z""},{""user_id"":34,""name"":""陆离"",""content"":""你好"",""time"":""2025-07-11T07:41:23.193Z""},{""user_id"":34,""name"":""陆离"",""content"":""1"",""time"":""2025-07-13T08:03:28.313Z""}]"
35,34,陆离,华东师范大学,数据科学与大数据技术,2,"2025-07-14 09:57:20",经济学,"[{""user_id"":34,""name"":""陆离"",""content"":""你好"",""time"":""2025-07-14T01:57:42.247Z""}]"
